{
  "id": "119a3bb2-4a41-4d32-8a33-623021d3a088",
  "revision": 0,
  "last_node_id": 102,
  "last_link_id": 171,
  "nodes": [
    {
      "id": 62,
      "type": "LoadImage",
      "pos": [
        1545.1545669838315,
        1977.4676869709958
      ],
      "size": [
        357.26389567057294,
        357.0694478352865
      ],
      "flags": {
        "collapsed": false
      },
      "order": 0,
      "mode": 4,
      "inputs": [],
      "outputs": [
        {
          "name": "IMAGE",
          "type": "IMAGE",
          "links": []
        },
        {
          "name": "MASK",
          "type": "MASK",
          "links": null
        }
      ],
      "title": "Global Reference Image",
      "properties": {
        "cnr_id": "comfy-core",
        "ver": "0.3.70",
        "Node name for S&R": "LoadImage"
      },
      "widgets_values": [
        "ComfyUI_00536_.png",
        "image"
      ],
      "color": "#223",
      "bgcolor": "#335"
    },
    {
      "id": 63,
      "type": "LoadImage",
      "pos": [
        1949.5372868008162,
        1980.338034735753
      ],
      "size": [
        330.20833333333337,
        351.00001017252606
      ],
      "flags": {},
      "order": 1,
      "mode": 4,
      "inputs": [],
      "outputs": [
        {
          "name": "IMAGE",
          "type": "IMAGE",
          "links": []
        },
        {
          "name": "MASK",
          "type": "MASK",
          "links": null
        }
      ],
      "title": "Initial Image for a single loop",
      "properties": {
        "cnr_id": "comfy-core",
        "ver": "0.3.71",
        "Node name for S&R": "LoadImage"
      },
      "widgets_values": [
        "ComfyUI_00536_.png",
        "image"
      ],
      "color": "#223",
      "bgcolor": "#335"
    },
    {
      "id": 72,
      "type": "LoadImage",
      "pos": [
        1503.5496418988344,
        2374.84419250485
      ],
      "size": [
        270,
        338.999989827474
      ],
      "flags": {
        "pinned": true
      },
      "order": 2,
      "mode": 0,
      "inputs": [],
      "outputs": [
        {
          "name": "IMAGE",
          "type": "IMAGE",
          "links": [
            132
          ]
        },
        {
          "name": "MASK",
          "type": "MASK",
          "links": null
        }
      ],
      "title": "Loop 1",
      "properties": {
        "cnr_id": "comfy-core",
        "ver": "0.3.71",
        "Node name for S&R": "LoadImage"
      },
      "widgets_values": [
        "ComfyUI_00535_.png",
        "image"
      ],
      "color": "#473e3e",
      "bgcolor": "#332a2a"
    },
    {
      "id": 73,
      "type": "LoadImage",
      "pos": [
        1784.1977674413693,
        2374.751622517871
      ],
      "size": [
        270,
        338.999989827474
      ],
      "flags": {
        "pinned": true
      },
      "order": 3,
      "mode": 0,
      "inputs": [],
      "outputs": [
        {
          "name": "IMAGE",
          "type": "IMAGE",
          "links": [
            133
          ]
        },
        {
          "name": "MASK",
          "type": "MASK",
          "links": null
        }
      ],
      "title": "Loop 2",
      "properties": {
        "cnr_id": "comfy-core",
        "ver": "0.3.71",
        "Node name for S&R": "LoadImage"
      },
      "widgets_values": [
        "ComfyUI_00536_.png",
        "image"
      ],
      "color": "#514c5a",
      "bgcolor": "#3d3846"
    },
    {
      "id": 74,
      "type": "LoadImage",
      "pos": [
        1500.0311064261057,
        2727.097293995012
      ],
      "size": [
        270,
        338.999989827474
      ],
      "flags": {
        "pinned": true
      },
      "order": 4,
      "mode": 0,
      "inputs": [],
      "outputs": [
        {
          "name": "IMAGE",
          "type": "IMAGE",
          "links": [
            135
          ]
        },
        {
          "name": "MASK",
          "type": "MASK",
          "links": null
        }
      ],
      "title": "Loop 4",
      "properties": {
        "cnr_id": "comfy-core",
        "ver": "0.3.71",
        "Node name for S&R": "LoadImage"
      },
      "widgets_values": [
        "ComfyUI_00538_.png",
        "image"
      ],
      "color": "#163536",
      "bgcolor": "#022122"
    },
    {
      "id": 75,
      "type": "LoadImage",
      "pos": [
        1786.2039591188864,
        2728.301042909943
      ],
      "size": [
        270,
        338.999989827474
      ],
      "flags": {
        "pinned": true
      },
      "order": 5,
      "mode": 0,
      "inputs": [],
      "outputs": [
        {
          "name": "IMAGE",
          "type": "IMAGE",
          "links": [
            139
          ]
        },
        {
          "name": "MASK",
          "type": "MASK",
          "links": null
        }
      ],
      "title": "Loop 5",
      "properties": {
        "cnr_id": "comfy-core",
        "ver": "0.3.71",
        "Node name for S&R": "LoadImage"
      },
      "widgets_values": [
        "ComfyUI_00541_.png",
        "image"
      ],
      "color": "#3a3c46",
      "bgcolor": "#262832"
    },
    {
      "id": 76,
      "type": "LoadImage",
      "pos": [
        2077.932339110206,
        2733.9491684524774
      ],
      "size": [
        270,
        338.999989827474
      ],
      "flags": {
        "pinned": true
      },
      "order": 6,
      "mode": 0,
      "inputs": [],
      "outputs": [
        {
          "name": "IMAGE",
          "type": "IMAGE",
          "links": [
            138
          ]
        },
        {
          "name": "MASK",
          "type": "MASK",
          "links": null
        }
      ],
      "title": "Loop 6",
      "properties": {
        "cnr_id": "comfy-core",
        "ver": "0.3.71",
        "Node name for S&R": "LoadImage"
      },
      "widgets_values": [
        "ComfyUI_00540_.png",
        "image"
      ],
      "color": "#36204c",
      "bgcolor": "#220c38"
    },
    {
      "id": 77,
      "type": "LoadImage",
      "pos": [
        1500.8644341080358,
        3082.251628169274
      ],
      "size": [
        270,
        338.999989827474
      ],
      "flags": {
        "pinned": true
      },
      "order": 7,
      "mode": 0,
      "inputs": [],
      "outputs": [
        {
          "name": "IMAGE",
          "type": "IMAGE",
          "links": [
            136
          ]
        },
        {
          "name": "MASK",
          "type": "MASK",
          "links": null
        }
      ],
      "title": "Loop 7",
      "properties": {
        "cnr_id": "comfy-core",
        "ver": "0.3.71",
        "Node name for S&R": "LoadImage"
      },
      "widgets_values": [
        "pasted/image (7).png",
        "image"
      ],
      "color": "#1b1759",
      "bgcolor": "#070345"
    },
    {
      "id": 78,
      "type": "LoadImage",
      "pos": [
        1790.2162859598877,
        3084.473844740093
      ],
      "size": [
        270,
        338.999989827474
      ],
      "flags": {
        "pinned": true
      },
      "order": 8,
      "mode": 0,
      "inputs": [],
      "outputs": [
        {
          "name": "IMAGE",
          "type": "IMAGE",
          "links": [
            137
          ]
        },
        {
          "name": "MASK",
          "type": "MASK",
          "links": null
        }
      ],
      "title": "Loop 8",
      "properties": {
        "cnr_id": "comfy-core",
        "ver": "0.3.71",
        "Node name for S&R": "LoadImage"
      },
      "widgets_values": [
        "pasted/image (8).png",
        "image"
      ],
      "color": "#25243d",
      "bgcolor": "#111029"
    },
    {
      "id": 79,
      "type": "DF_Text",
      "pos": [
        2497.129901999023,
        3746.2331153021596
      ],
      "size": [
        413.01389058430993,
        112.02777862548828
      ],
      "flags": {},
      "order": 9,
      "mode": 0,
      "inputs": [],
      "outputs": [
        {
          "name": "STRING",
          "type": "STRING",
          "links": [
            163
          ]
        }
      ],
      "title": "Prompt Loop 8",
      "properties": {
        "cnr_id": "derfuu_comfyui_moddednodes",
        "ver": "d0905bed31249f2bd0814c67585cf4fe3c77c015",
        "Node name for S&R": "DF_Text"
      },
      "widgets_values": [
        "An underwater view where the man struggles in the murky water, but suddenly gets attacked and eaten by a massive shark in a chaotic, fast-paced, and terrifying sequence."
      ],
      "color": "#25243d",
      "bgcolor": "#111029"
    },
    {
      "id": 80,
      "type": "DF_Text",
      "pos": [
        2496.4199727093815,
        3877.375116984017
      ],
      "size": [
        413.01389058430993,
        112.02777862548828
      ],
      "flags": {},
      "order": 10,
      "mode": 0,
      "inputs": [],
      "outputs": [
        {
          "name": "STRING",
          "type": "STRING",
          "links": [
            164
          ]
        }
      ],
      "title": "Prompt Loop 9",
      "properties": {
        "cnr_id": "derfuu_comfyui_moddednodes",
        "ver": "d0905bed31249f2bd0814c67585cf4fe3c77c015",
        "Node name for S&R": "DF_Text"
      },
      "widgets_values": [
        "the man gets eaten by a shark"
      ],
      "color": "#41192b",
      "bgcolor": "#2d0517"
    },
    {
      "id": 81,
      "type": "LoadImage",
      "pos": [
        2079.4138262430906,
        3088.270146687793
      ],
      "size": [
        270,
        338.999989827474
      ],
      "flags": {
        "pinned": true
      },
      "order": 11,
      "mode": 4,
      "inputs": [],
      "outputs": [
        {
          "name": "IMAGE",
          "type": "IMAGE",
          "links": [
            140
          ]
        },
        {
          "name": "MASK",
          "type": "MASK",
          "links": null
        }
      ],
      "title": "Loop 9",
      "properties": {
        "cnr_id": "comfy-core",
        "ver": "0.3.71",
        "Node name for S&R": "LoadImage"
      },
      "widgets_values": [
        "ComfyUI_00535_.png",
        "image"
      ],
      "color": "#41192b",
      "bgcolor": "#2d0517"
    },
    {
      "id": 82,
      "type": "DF_Text",
      "pos": [
        2497.407668473993,
        4005.8318543610426
      ],
      "size": [
        413.01389058430993,
        112.02777862548828
      ],
      "flags": {},
      "order": 12,
      "mode": 4,
      "inputs": [],
      "outputs": [
        {
          "name": "STRING",
          "type": "STRING",
          "links": [
            165
          ]
        }
      ],
      "title": "Prompt Loop 10",
      "properties": {
        "cnr_id": "derfuu_comfyui_moddednodes",
        "ver": "d0905bed31249f2bd0814c67585cf4fe3c77c015",
        "Node name for S&R": "DF_Text"
      },
      "widgets_values": [
        "the man gets eaten by a shark"
      ],
      "color": "#443d65",
      "bgcolor": "#302951"
    },
    {
      "id": 83,
      "type": "DF_Text",
      "pos": [
        2516.5743464434668,
        2874.103463066916
      ],
      "size": [
        408.999989827474,
        110.73610941569012
      ],
      "flags": {},
      "order": 13,
      "mode": 0,
      "inputs": [],
      "outputs": [
        {
          "name": "STRING",
          "type": "STRING",
          "links": [
            156
          ]
        }
      ],
      "title": "Prompt Loop 1",
      "properties": {
        "cnr_id": "derfuu_comfyui_moddednodes",
        "ver": "d0905bed31249f2bd0814c67585cf4fe3c77c015",
        "Node name for S&R": "DF_Text"
      },
      "widgets_values": [
        "The scene explodes into action as a violent gust of wind nearly knocks the man over; he grabs his hat and stumbles forward while massive waves behind him crash explosively over the rocks, spraying water into the air."
      ],
      "color": "#473e3e",
      "bgcolor": "#332a2a"
    },
    {
      "id": 84,
      "type": "DF_Text",
      "pos": [
        2516.6360597681196,
        3001.696072613719
      ],
      "size": [
        408.999989827474,
        110.73610941569012
      ],
      "flags": {},
      "order": 14,
      "mode": 0,
      "inputs": [],
      "outputs": [
        {
          "name": "STRING",
          "type": "STRING",
          "links": [
            157
          ]
        }
      ],
      "title": "Prompt Loop 2",
      "properties": {
        "cnr_id": "derfuu_comfyui_moddednodes",
        "ver": "d0905bed31249f2bd0814c67585cf4fe3c77c015",
        "Node name for S&R": "DF_Text"
      },
      "widgets_values": [
        "Suddenly, a loud thunderclap startles the man; he flinches visibly and turns his head sharply to the left, his eyes widening in panic as he spots something terrifying off-screen."
      ],
      "color": "#514c5a",
      "bgcolor": "#3d3846"
    },
    {
      "id": 85,
      "type": "DF_Text",
      "pos": [
        2513.5187456766844,
        3120.152849550568
      ],
      "size": [
        413.01389058430993,
        112.02777862548828
      ],
      "flags": {},
      "order": 15,
      "mode": 0,
      "inputs": [],
      "outputs": [
        {
          "name": "STRING",
          "type": "STRING",
          "links": [
            158
          ]
        }
      ],
      "title": "Prompt Loop 3",
      "properties": {
        "cnr_id": "derfuu_comfyui_moddednodes",
        "ver": "d0905bed31249f2bd0814c67585cf4fe3c77c015",
        "Node name for S&R": "DF_Text"
      },
      "widgets_values": [
        "Using all his strength, the man heaves the heavy door open; the wind instantly catches it and slams it against the inner wall, blowing his coat wildly as he rushes inside to escape the storm."
      ],
      "color": "#383345",
      "bgcolor": "#241f31"
    },
    {
      "id": 86,
      "type": "DF_Text",
      "pos": [
        2514.382958277957,
        3241.1713793718927
      ],
      "size": [
        408.999989827474,
        110.73610941569012
      ],
      "flags": {},
      "order": 16,
      "mode": 0,
      "inputs": [],
      "outputs": [
        {
          "name": "STRING",
          "type": "STRING",
          "links": [
            159
          ]
        }
      ],
      "title": "Prompt Loop 4",
      "properties": {
        "cnr_id": "derfuu_comfyui_moddednodes",
        "ver": "d0905bed31249f2bd0814c67585cf4fe3c77c015",
        "Node name for S&R": "DF_Text"
      },
      "widgets_values": [
        "The man goes upstairs the spiral staircase while the camera follows him iin his haste."
      ],
      "color": "#163536",
      "bgcolor": "#022122"
    },
    {
      "id": 87,
      "type": "DF_Text",
      "pos": [
        2508.2410131101333,
        3367.004707053823
      ],
      "size": [
        408.999989827474,
        110.73610941569012
      ],
      "flags": {},
      "order": 17,
      "mode": 0,
      "inputs": [],
      "outputs": [
        {
          "name": "STRING",
          "type": "STRING",
          "links": [
            160
          ]
        }
      ],
      "title": "Prompt Loop 5",
      "properties": {
        "cnr_id": "derfuu_comfyui_moddednodes",
        "ver": "d0905bed31249f2bd0814c67585cf4fe3c77c015",
        "Node name for S&R": "DF_Text"
      },
      "widgets_values": [
        "He grabs the heavy iron lever and pulls it down with force. Immediately, the massive gears start to grind and turn, causing the giant lighthouse lens to rotate rapidly, casting spinning beams of light across the room."
      ],
      "color": "#3a3c46",
      "bgcolor": "#262832"
    },
    {
      "id": 88,
      "type": "DF_Text",
      "pos": [
        2505.9570549576447,
        3493.0849445483973
      ],
      "size": [
        408.999989827474,
        110.73610941569012
      ],
      "flags": {},
      "order": 18,
      "mode": 0,
      "inputs": [],
      "outputs": [
        {
          "name": "STRING",
          "type": "STRING",
          "links": [
            161
          ]
        }
      ],
      "title": "Prompt Loop 6",
      "properties": {
        "cnr_id": "derfuu_comfyui_moddednodes",
        "ver": "d0905bed31249f2bd0814c67585cf4fe3c77c015",
        "Node name for S&R": "DF_Text"
      },
      "widgets_values": [
        "The man frantically bangs his fists against the glass panes, shouting silently into the storm. Outside, the weather worsens significantly, with lightning strikes flashing rapidly and illuminating his desperate silhouette."
      ],
      "color": "#36204c",
      "bgcolor": "#220c38"
    },
    {
      "id": 89,
      "type": "DF_Text",
      "pos": [
        2501.2348553410366,
        3616.9738503914964
      ],
      "size": [
        408.999989827474,
        110.73610941569012
      ],
      "flags": {},
      "order": 19,
      "mode": 0,
      "inputs": [],
      "outputs": [
        {
          "name": "STRING",
          "type": "STRING",
          "links": [
            162
          ]
        }
      ],
      "title": "Prompt Loop 7",
      "properties": {
        "cnr_id": "derfuu_comfyui_moddednodes",
        "ver": "d0905bed31249f2bd0814c67585cf4fe3c77c015",
        "Node name for S&R": "DF_Text"
      },
      "widgets_values": [
        "The man climbs over the safety railing of the lighthouse balcony. He teeters precariously on the edge for a split second, looking down at the churning water, before letting go and dropping out of the frame."
      ],
      "color": "#1b1759",
      "bgcolor": "#070345"
    },
    {
      "id": 92,
      "type": "LoadImage",
      "pos": [
        1502.1916096722719,
        3452.8997650146157
      ],
      "size": [
        270,
        584.8333231608074
      ],
      "flags": {
        "pinned": true
      },
      "order": 20,
      "mode": 4,
      "inputs": [],
      "outputs": [
        {
          "name": "IMAGE",
          "type": "IMAGE",
          "links": [
            141
          ]
        },
        {
          "name": "MASK",
          "type": "MASK",
          "links": null
        }
      ],
      "title": "Loop 10",
      "properties": {
        "cnr_id": "comfy-core",
        "ver": "0.3.71",
        "Node name for S&R": "LoadImage"
      },
      "widgets_values": [
        "A_ComfyUI_00006_.png",
        "image"
      ],
      "color": "#443d65",
      "bgcolor": "#302951"
    },
    {
      "id": 93,
      "type": "LoadImage",
      "pos": [
        2077.1607530099454,
        2378.98000250919
      ],
      "size": [
        270,
        338.999989827474
      ],
      "flags": {
        "pinned": true
      },
      "order": 21,
      "mode": 0,
      "inputs": [],
      "outputs": [
        {
          "name": "IMAGE",
          "type": "IMAGE",
          "links": [
            134
          ]
        },
        {
          "name": "MASK",
          "type": "MASK",
          "links": null
        }
      ],
      "title": "Loop 3",
      "properties": {
        "cnr_id": "comfy-core",
        "ver": "0.3.71",
        "Node name for S&R": "LoadImage"
      },
      "widgets_values": [
        "ComfyUI_00537_.png",
        "image"
      ],
      "color": "#383345",
      "bgcolor": "#241f31"
    },
    {
      "id": 94,
      "type": "LoadVideo",
      "pos": [
        1989.07433514066,
        3471.541738439457
      ],
      "size": [
        375.37501017252606,
        854.7800211588542
      ],
      "flags": {
        "pinned": true
      },
      "order": 22,
      "mode": 4,
      "inputs": [],
      "outputs": [
        {
          "name": "VIDEO",
          "type": "VIDEO",
          "links": [
            145
          ]
        }
      ],
      "title": "Start from Video",
      "properties": {
        "cnr_id": "comfy-core",
        "ver": "0.3.71",
        "Node name for S&R": "LoadVideo"
      },
      "widgets_values": [
        "AnimateDiff_00007.mp4",
        "image"
      ],
      "color": "#463c82",
      "bgcolor": "#32286e"
    },
    {
      "id": 96,
      "type": "VHS_VideoCombine",
      "pos": [
        3774.433737805786,
        2722.963214483499
      ],
      "size": [
        657.6944478352865,
        703.6372882158328
      ],
      "flags": {},
      "order": 39,
      "mode": 0,
      "inputs": [
        {
          "name": "images",
          "type": "IMAGE",
          "link": 166
        },
        {
          "name": "audio",
          "shape": 7,
          "type": "AUDIO",
          "link": null
        },
        {
          "name": "meta_batch",
          "shape": 7,
          "type": "VHS_BatchManager",
          "link": null
        },
        {
          "name": "vae",
          "shape": 7,
          "type": "VAE",
          "link": null
        }
      ],
      "outputs": [
        {
          "name": "Filenames",
          "type": "VHS_FILENAMES",
          "links": null
        }
      ],
      "properties": {
        "cnr_id": "comfyui-videohelpersuite",
        "ver": "8923bd836bdab8b7bbdf4ed104b7d045e70c66e2",
        "Node name for S&R": "VHS_VideoCombine"
      },
      "widgets_values": {
        "frame_rate": 16,
        "loop_count": 0,
        "filename_prefix": "WanExtensionTest",
        "format": "video/h264-mp4",
        "pix_fmt": "yuv420p",
        "crf": 19,
        "save_metadata": false,
        "trim_to_audio": false,
        "pingpong": false,
        "save_output": true,
        "videopreview": {
          "hidden": false,
          "paused": false,
          "params": {
            "filename": "WanExtensionTest_00074.mp4",
            "subfolder": "",
            "type": "output",
            "format": "video/h264-mp4",
            "frame_rate": 16,
            "workflow": "WanExtensionTest_00074.png",
            "fullpath": "/home/granddyser/Programme/ComfyUI/output/WanExtensionTest_00074.mp4"
          }
        }
      }
    },
    {
      "id": 98,
      "type": "CheckpointLoaderSimple",
      "pos": [
        2984.599045336696,
        2342.529355084422
      ],
      "size": [
        388.5972340901693,
        128.00000508626303
      ],
      "flags": {},
      "order": 23,
      "mode": 0,
      "inputs": [],
      "outputs": [
        {
          "name": "MODEL",
          "type": "MODEL",
          "links": [
            168
          ]
        },
        {
          "name": "CLIP",
          "type": "CLIP",
          "links": [
            144
          ]
        },
        {
          "name": "VAE",
          "type": "VAE",
          "links": [
            143
          ]
        }
      ],
      "properties": {
        "cnr_id": "comfy-core",
        "ver": "0.3.71",
        "Node name for S&R": "CheckpointLoaderSimple"
      },
      "widgets_values": [
        "wan2.2-rapid-mega-aio-v12.safetensors"
      ],
      "color": "#1d173a",
      "bgcolor": "#090326"
    },
    {
      "id": 100,
      "type": "MarkdownNote",
      "pos": [
        622.4385816503535,
        2379.319538822848
      ],
      "size": [
        816.8055725097656,
        1301.6666666666667
      ],
      "flags": {
        "pinned": true
      },
      "order": 24,
      "mode": 0,
      "inputs": [],
      "outputs": [],
      "properties": {},
      "widgets_values": [
        "# WAN 2.2 Video Extender PRO - Workflow Guide\n\n## 📦 Recommended Model\n\n(Feel free to try any other model, but VACE integration is required!)\n\n**Download:** [WAN2.2-14B-Rapid-AllInOne](https://huggingface.co/Phr00t/WAN2.2-14B-Rapid-AllInOne)\n\nLoad the checkpoint and connect to the node.\n\n## ⚙️ Recommended Settings\n\n- **Steps:** `4` (optimized for rapid generation)\n- **Sampler:** `euler_a`\n- **Scheduler:** `beta`\n- **CFG:** `1.0` (default, adjust if needed)\n- **Overlap Frames:** `16` (more overlap = better consistency)\n\n## 🎬 Quick Start\n\n1. **Input Options:**\n   - Video: Extends existing video\n   - Image: Creates video from static image\n   - No input: Generates from scratch\n\n2. **Extension Loops:**\n   - Each loop generates `generate_frames` (default: 81 frames)\n   - Use multiple loops for longer videos\n   - Per-loop prompts & LoRAs supported\n\n3. **Reference Image (Optional):**\n   - Connect to maintain character consistency across loops\n   - Works with VACE logic for better identity preservation\n\n## 💾 Memory Optimization\n\nThis node uses **segment-based storage** to minimize VRAM/RAM usage:\n- Only overlap frames kept in memory during generation\n- Segments automatically saved to disk\n- Final video assembled from all segments\n- Aggressive cleanup between loops\n\n**Memory footprint:** ~150-200MB during processing (vs 2GB+ without optimization)\n\n## 🔧 Tips\n\n- Start with 1-2 loops for testing\n- Increase overlap for smoother transitions\n- Use per-loop prompts for scene changes\n- Reference image improves character consistency\n- Check console output for detailed progress\n\n## 📊 Expected Performance\n\n- **4 steps/frame** with euler_a/beta = ~1-2s per frame (GPU dependent)\n- **81 frames** = ~5 seconds of video at 16fps\n- **Multiple loops** = proportionally longer\n\n---\n\n**Node Version:** Memory Optimized with Disk-Based Segment Storage"
      ],
      "color": "#432",
      "bgcolor": "#653"
    },
    {
      "id": 64,
      "type": "ImageResizeKJv2",
      "pos": [
        2433.425977649948,
        2412.8464130676684
      ],
      "size": [
        210,
        94
      ],
      "flags": {
        "collapsed": true
      },
      "order": 26,
      "mode": 0,
      "inputs": [
        {
          "name": "image",
          "type": "IMAGE",
          "link": 132
        },
        {
          "name": "mask",
          "shape": 7,
          "type": "MASK",
          "link": null
        }
      ],
      "outputs": [
        {
          "name": "IMAGE",
          "type": "IMAGE",
          "links": [
            146
          ]
        },
        {
          "name": "width",
          "type": "INT",
          "links": null
        },
        {
          "name": "height",
          "type": "INT",
          "links": null
        },
        {
          "name": "mask",
          "type": "MASK",
          "links": null
        }
      ],
      "title": "Loop 1",
      "properties": {
        "cnr_id": "comfyui-kjnodes",
        "ver": "c661baadd9683c0033cd2a6ad90157c6d099a6c2",
        "Node name for S&R": "ImageResizeKJv2"
      },
      "widgets_values": [
        832,
        480,
        "nearest-exact",
        "resize",
        "0, 0, 0",
        "center",
        8,
        "cpu",
        "<tr><td>Output: </td><td><b>1</b> x <b>832</b> x <b>464 | 4.42MB</b></td></tr>"
      ],
      "color": "#473e3e",
      "bgcolor": "#332a2a"
    },
    {
      "id": 65,
      "type": "ImageResizeKJv2",
      "pos": [
        2554.90483352797,
        2411.941227429284
      ],
      "size": [
        210,
        278
      ],
      "flags": {
        "collapsed": true
      },
      "order": 27,
      "mode": 0,
      "inputs": [
        {
          "name": "image",
          "type": "IMAGE",
          "link": 133
        },
        {
          "name": "mask",
          "shape": 7,
          "type": "MASK",
          "link": null
        }
      ],
      "outputs": [
        {
          "name": "IMAGE",
          "type": "IMAGE",
          "links": [
            170
          ]
        },
        {
          "name": "width",
          "type": "INT",
          "links": null
        },
        {
          "name": "height",
          "type": "INT",
          "links": null
        },
        {
          "name": "mask",
          "type": "MASK",
          "links": null
        }
      ],
      "title": "Loop 2",
      "properties": {
        "cnr_id": "comfyui-kjnodes",
        "ver": "c661baadd9683c0033cd2a6ad90157c6d099a6c2",
        "Node name for S&R": "ImageResizeKJv2"
      },
      "widgets_values": [
        832,
        480,
        "nearest-exact",
        "resize",
        "0, 0, 0",
        "center",
        8,
        "cpu",
        "<tr><td>Output: </td><td><b>1</b> x <b>832</b> x <b>464 | 4.42MB</b></td></tr>"
      ],
      "color": "#727078",
      "bgcolor": "#5e5c64"
    },
    {
      "id": 66,
      "type": "ImageResizeKJv2",
      "pos": [
        2683.3919492242317,
        2410.5204584664625
      ],
      "size": [
        210,
        336
      ],
      "flags": {
        "collapsed": true
      },
      "order": 35,
      "mode": 0,
      "inputs": [
        {
          "name": "image",
          "type": "IMAGE",
          "link": 134
        },
        {
          "name": "mask",
          "shape": 7,
          "type": "MASK",
          "link": null
        }
      ],
      "outputs": [
        {
          "name": "IMAGE",
          "type": "IMAGE",
          "links": [
            148
          ]
        },
        {
          "name": "width",
          "type": "INT",
          "links": null
        },
        {
          "name": "height",
          "type": "INT",
          "links": null
        },
        {
          "name": "mask",
          "type": "MASK",
          "links": null
        }
      ],
      "title": "Loop3",
      "properties": {
        "cnr_id": "comfyui-kjnodes",
        "ver": "c661baadd9683c0033cd2a6ad90157c6d099a6c2",
        "Node name for S&R": "ImageResizeKJv2"
      },
      "widgets_values": [
        832,
        480,
        "nearest-exact",
        "resize",
        "0, 0, 0",
        "center",
        8,
        "cpu",
        "<tr><td>Output: </td><td><b>1</b> x <b>832</b> x <b>464 | 4.42MB</b></td></tr>"
      ],
      "color": "#383345",
      "bgcolor": "#241f31"
    },
    {
      "id": 67,
      "type": "ImageResizeKJv2",
      "pos": [
        2808.2480494921306,
        2411.3540773575114
      ],
      "size": [
        210,
        336
      ],
      "flags": {
        "collapsed": true
      },
      "order": 28,
      "mode": 0,
      "inputs": [
        {
          "name": "image",
          "type": "IMAGE",
          "link": 135
        },
        {
          "name": "mask",
          "shape": 7,
          "type": "MASK",
          "link": null
        }
      ],
      "outputs": [
        {
          "name": "IMAGE",
          "type": "IMAGE",
          "links": [
            171
          ]
        },
        {
          "name": "width",
          "type": "INT",
          "links": null
        },
        {
          "name": "height",
          "type": "INT",
          "links": null
        },
        {
          "name": "mask",
          "type": "MASK",
          "links": null
        }
      ],
      "title": "Loop 4",
      "properties": {
        "cnr_id": "comfyui-kjnodes",
        "ver": "c661baadd9683c0033cd2a6ad90157c6d099a6c2",
        "Node name for S&R": "ImageResizeKJv2"
      },
      "widgets_values": [
        832,
        480,
        "nearest-exact",
        "resize",
        "0, 0, 0",
        "center",
        8,
        "cpu",
        "<tr><td>Output: </td><td><b>1</b> x <b>832</b> x <b>464 | 4.42MB</b></td></tr>"
      ],
      "color": "#163536",
      "bgcolor": "#022122"
    },
    {
      "id": 71,
      "type": "ImageResizeKJv2",
      "pos": [
        2431.7865111132974,
        2519.201066739816
      ],
      "size": [
        210,
        336
      ],
      "flags": {
        "collapsed": true
      },
      "order": 29,
      "mode": 0,
      "inputs": [
        {
          "name": "image",
          "type": "IMAGE",
          "link": 139
        },
        {
          "name": "mask",
          "shape": 7,
          "type": "MASK",
          "link": null
        }
      ],
      "outputs": [
        {
          "name": "IMAGE",
          "type": "IMAGE",
          "links": [
            150
          ]
        },
        {
          "name": "width",
          "type": "INT",
          "links": null
        },
        {
          "name": "height",
          "type": "INT",
          "links": null
        },
        {
          "name": "mask",
          "type": "MASK",
          "links": null
        }
      ],
      "title": "Loop 5",
      "properties": {
        "cnr_id": "comfyui-kjnodes",
        "ver": "c661baadd9683c0033cd2a6ad90157c6d099a6c2",
        "Node name for S&R": "ImageResizeKJv2"
      },
      "widgets_values": [
        832,
        480,
        "nearest-exact",
        "resize",
        "0, 0, 0",
        "center",
        8,
        "cpu",
        "<tr><td>Output: </td><td><b>1</b> x <b>832</b> x <b>464 | 4.42MB</b></td></tr>"
      ],
      "color": "#3a3c46",
      "bgcolor": "#262832"
    },
    {
      "id": 68,
      "type": "ImageResizeKJv2",
      "pos": [
        2710.6355310043386,
        2520.4488549432326
      ],
      "size": [
        210,
        94
      ],
      "flags": {
        "collapsed": true
      },
      "order": 31,
      "mode": 0,
      "inputs": [
        {
          "name": "image",
          "type": "IMAGE",
          "link": 136
        },
        {
          "name": "mask",
          "shape": 7,
          "type": "MASK",
          "link": null
        }
      ],
      "outputs": [
        {
          "name": "IMAGE",
          "type": "IMAGE",
          "links": [
            152
          ]
        },
        {
          "name": "width",
          "type": "INT",
          "links": null
        },
        {
          "name": "height",
          "type": "INT",
          "links": null
        },
        {
          "name": "mask",
          "type": "MASK",
          "links": null
        }
      ],
      "title": "Loop 7",
      "properties": {
        "cnr_id": "comfyui-kjnodes",
        "ver": "c661baadd9683c0033cd2a6ad90157c6d099a6c2",
        "Node name for S&R": "ImageResizeKJv2"
      },
      "widgets_values": [
        832,
        480,
        "nearest-exact",
        "resize",
        "0, 0, 0",
        "center",
        8,
        "cpu",
        "<tr><td>Output: </td><td><b>1</b> x <b>832</b> x <b>464 | 4.42MB</b></td></tr>"
      ],
      "color": "#1b1759",
      "bgcolor": "#070345"
    },
    {
      "id": 69,
      "type": "ImageResizeKJv2",
      "pos": [
        2844.0836693500996,
        2517.0407158282023
      ],
      "size": [
        210,
        94
      ],
      "flags": {
        "collapsed": true
      },
      "order": 32,
      "mode": 0,
      "inputs": [
        {
          "name": "image",
          "type": "IMAGE",
          "link": 137
        },
        {
          "name": "mask",
          "shape": 7,
          "type": "MASK",
          "link": null
        }
      ],
      "outputs": [
        {
          "name": "IMAGE",
          "type": "IMAGE",
          "links": [
            153
          ]
        },
        {
          "name": "width",
          "type": "INT",
          "links": null
        },
        {
          "name": "height",
          "type": "INT",
          "links": null
        },
        {
          "name": "mask",
          "type": "MASK",
          "links": null
        }
      ],
      "title": "Loop 8",
      "properties": {
        "cnr_id": "comfyui-kjnodes",
        "ver": "c661baadd9683c0033cd2a6ad90157c6d099a6c2",
        "Node name for S&R": "ImageResizeKJv2"
      },
      "widgets_values": [
        832,
        480,
        "nearest-exact",
        "resize",
        "0, 0, 0",
        "center",
        8,
        "cpu",
        "<tr><td>Output: </td><td><b>1</b> x <b>832</b> x <b>464 | 4.42MB</b></td></tr>"
      ],
      "color": "#25243d",
      "bgcolor": "#111029"
    },
    {
      "id": 91,
      "type": "ImageResizeKJv2",
      "pos": [
        2581.3100896160327,
        2612.9633019582407
      ],
      "size": [
        210,
        94
      ],
      "flags": {
        "collapsed": true
      },
      "order": 34,
      "mode": 4,
      "inputs": [
        {
          "name": "image",
          "type": "IMAGE",
          "link": 141
        },
        {
          "name": "mask",
          "shape": 7,
          "type": "MASK",
          "link": null
        }
      ],
      "outputs": [
        {
          "name": "IMAGE",
          "type": "IMAGE",
          "links": [
            155
          ]
        },
        {
          "name": "width",
          "type": "INT",
          "links": null
        },
        {
          "name": "height",
          "type": "INT",
          "links": null
        },
        {
          "name": "mask",
          "type": "MASK",
          "links": null
        }
      ],
      "title": "Loop 10",
      "properties": {
        "cnr_id": "comfyui-kjnodes",
        "ver": "c661baadd9683c0033cd2a6ad90157c6d099a6c2",
        "Node name for S&R": "ImageResizeKJv2"
      },
      "widgets_values": [
        832,
        480,
        "nearest-exact",
        "resize",
        "0, 0, 0",
        "center",
        8,
        "cpu"
      ],
      "color": "#443d65",
      "bgcolor": "#302951"
    },
    {
      "id": 102,
      "type": "MarkdownNote",
      "pos": [
        3709.1203967778047,
        3531.866541564862
      ],
      "size": [
        453.74595726334155,
        762.5414070237282
      ],
      "flags": {
        "pinned": true
      },
      "order": 25,
      "mode": 0,
      "inputs": [],
      "outputs": [],
      "title": "GUIDE",
      "properties": {},
      "widgets_values": [
        "# WAN Video Extender - Settings Guide\n\n## Main Settings\n\n**steps**: 4 (higher = better quality, slower)\n\n**cfg**: 1.0 (do not change for WAN)\n\n**sampler_name**: euler\n\n**scheduler**: simple\n\n**num_frames**: 81 (frames per loop)\n\n**overlap**: 12-16 (frames that blend between loops for smooth transitions)\n\n**fps**: 16\n\n**seed**: any number, use \"fixed\" for reproducible results\n\n## Loop Settings (per loop)\n\n**enable_endframe_X**: true = uses last frame from the next loop as input\n- Loop 1: true (uses the first-frame-image from loop 2 as end frame)\n- Loop 2+: true (uses frame from Loop 3 as last-frame)\n\n**enable_prompt_X**: true = activates custom prompt for this loop\n\n**prompt_loop_X**: what should happen in this loop (e.g. \"camera pans left\")\n\n**lora_name_loop_X**: optional LoRA model for this loop\n\n**lora_weight_loop_X**: 0.5-1.0 if using LoRA\n\n## Reference Image\n\n**enable_reference_image**: true = uses Global Reference Image for style/character consistency\n\n## Workflow Logic\n\n1. Loop 1 generates 81 frames from input video\n2. Last frame of Loop 1 → input for Loop 2\n3. Loop 2 generates 81 frames\n4. Overlap cuts last 12-16 frames and blends them smoothly\n5. Repeat for all enabled loops\n6. All loops are combined into one video\n\n## Enable/Disable Loops\n\nRight-click on \"Loop X\" ImageResize node:\n- Mode → Always = loop is used\n- Mode → Never = loop is skipped\n\nOnly enabled loops will be generated."
      ],
      "color": "#5e3281",
      "bgcolor": "#4a1e6d"
    },
    {
      "id": 70,
      "type": "ImageResizeKJv2",
      "pos": [
        2560.7373727847153,
        2509.3248381219896
      ],
      "size": [
        210,
        94
      ],
      "flags": {
        "collapsed": true
      },
      "order": 30,
      "mode": 0,
      "inputs": [
        {
          "name": "image",
          "type": "IMAGE",
          "link": 138
        },
        {
          "name": "mask",
          "shape": 7,
          "type": "MASK",
          "link": null
        }
      ],
      "outputs": [
        {
          "name": "IMAGE",
          "type": "IMAGE",
          "links": [
            151
          ]
        },
        {
          "name": "width",
          "type": "INT",
          "links": null
        },
        {
          "name": "height",
          "type": "INT",
          "links": null
        },
        {
          "name": "mask",
          "type": "MASK",
          "links": null
        }
      ],
      "title": "Loop 6",
      "properties": {
        "cnr_id": "comfyui-kjnodes",
        "ver": "c661baadd9683c0033cd2a6ad90157c6d099a6c2",
        "Node name for S&R": "ImageResizeKJv2"
      },
      "widgets_values": [
        832,
        480,
        "nearest-exact",
        "resize",
        "0, 0, 0",
        "center",
        8,
        "cpu",
        "<tr><td>Output: </td><td><b>1</b> x <b>832</b> x <b>464 | 4.42MB</b></td></tr>"
      ],
      "color": "#36204c",
      "bgcolor": "#220c38"
    },
    {
      "id": 90,
      "type": "ImageResizeKJv2",
      "pos": [
        2437.9852411392894,
        2615.7718856265033
      ],
      "size": [
        210,
        94
      ],
      "flags": {
        "collapsed": true
      },
      "order": 33,
      "mode": 4,
      "inputs": [
        {
          "name": "image",
          "type": "IMAGE",
          "link": 140
        },
        {
          "name": "mask",
          "shape": 7,
          "type": "MASK",
          "link": null
        }
      ],
      "outputs": [
        {
          "name": "IMAGE",
          "type": "IMAGE",
          "links": [
            154
          ]
        },
        {
          "name": "width",
          "type": "INT",
          "links": null
        },
        {
          "name": "height",
          "type": "INT",
          "links": null
        },
        {
          "name": "mask",
          "type": "MASK",
          "links": null
        }
      ],
      "title": "Loop 9",
      "properties": {
        "cnr_id": "comfyui-kjnodes",
        "ver": "c661baadd9683c0033cd2a6ad90157c6d099a6c2",
        "Node name for S&R": "ImageResizeKJv2"
      },
      "widgets_values": [
        832,
        480,
        "nearest-exact",
        "resize",
        "0, 0, 0",
        "center",
        8,
        "cpu"
      ],
      "color": "#41192b",
      "bgcolor": "#2d0517"
    },
    {
      "id": 95,
      "type": "WanVideoExtenderNative",
      "pos": [
        3213.3336057027263,
        2725.2762988054865
      ],
      "size": [
        400,
        3023.000081380209
      ],
      "flags": {},
      "order": 38,
      "mode": 0,
      "inputs": [
        {
          "name": "model",
          "type": "MODEL",
          "link": 142
        },
        {
          "name": "vae",
          "type": "VAE",
          "link": 143
        },
        {
          "name": "clip",
          "type": "CLIP",
          "link": 144
        },
        {
          "name": "image",
          "shape": 7,
          "type": "IMAGE",
          "link": null
        },
        {
          "name": "video",
          "shape": 7,
          "type": "*",
          "link": 145
        },
        {
          "name": "reference_image",
          "shape": 7,
          "type": "IMAGE",
          "link": null
        },
        {
          "name": "inpaint_mask",
          "shape": 7,
          "type": "MASK",
          "link": null
        },
        {
          "name": "image_loop_1",
          "shape": 7,
          "type": "IMAGE",
          "link": 146
        },
        {
          "name": "reference_image_1",
          "shape": 7,
          "type": "IMAGE",
          "link": null
        },
        {
          "name": "image_loop_2",
          "shape": 7,
          "type": "IMAGE",
          "link": 170
        },
        {
          "name": "reference_image_2",
          "shape": 7,
          "type": "IMAGE",
          "link": null
        },
        {
          "name": "image_loop_3",
          "shape": 7,
          "type": "IMAGE",
          "link": 148
        },
        {
          "name": "reference_image_3",
          "shape": 7,
          "type": "IMAGE",
          "link": null
        },
        {
          "name": "image_loop_4",
          "shape": 7,
          "type": "IMAGE",
          "link": 171
        },
        {
          "name": "reference_image_4",
          "shape": 7,
          "type": "IMAGE",
          "link": null
        },
        {
          "name": "image_loop_5",
          "shape": 7,
          "type": "IMAGE",
          "link": 150
        },
        {
          "name": "reference_image_5",
          "shape": 7,
          "type": "IMAGE",
          "link": null
        },
        {
          "name": "image_loop_6",
          "shape": 7,
          "type": "IMAGE",
          "link": 151
        },
        {
          "name": "reference_image_6",
          "shape": 7,
          "type": "IMAGE",
          "link": null
        },
        {
          "name": "image_loop_7",
          "shape": 7,
          "type": "IMAGE",
          "link": 152
        },
        {
          "name": "reference_image_7",
          "shape": 7,
          "type": "IMAGE",
          "link": null
        },
        {
          "name": "image_loop_8",
          "shape": 7,
          "type": "IMAGE",
          "link": 153
        },
        {
          "name": "reference_image_8",
          "shape": 7,
          "type": "IMAGE",
          "link": null
        },
        {
          "name": "image_loop_9",
          "shape": 7,
          "type": "IMAGE",
          "link": 154
        },
        {
          "name": "reference_image_9",
          "shape": 7,
          "type": "IMAGE",
          "link": null
        },
        {
          "name": "image_loop_10",
          "shape": 7,
          "type": "IMAGE",
          "link": 155
        },
        {
          "name": "reference_image_10",
          "shape": 7,
          "type": "IMAGE",
          "link": null
        },
        {
          "name": "prompt_loop_1",
          "shape": 7,
          "type": "STRING",
          "widget": {
            "name": "prompt_loop_1"
          },
          "link": 156
        },
        {
          "name": "prompt_loop_2",
          "shape": 7,
          "type": "STRING",
          "widget": {
            "name": "prompt_loop_2"
          },
          "link": 157
        },
        {
          "name": "prompt_loop_3",
          "shape": 7,
          "type": "STRING",
          "widget": {
            "name": "prompt_loop_3"
          },
          "link": 158
        },
        {
          "name": "prompt_loop_4",
          "shape": 7,
          "type": "STRING",
          "widget": {
            "name": "prompt_loop_4"
          },
          "link": 159
        },
        {
          "name": "prompt_loop_5",
          "shape": 7,
          "type": "STRING",
          "widget": {
            "name": "prompt_loop_5"
          },
          "link": 160
        },
        {
          "name": "prompt_loop_6",
          "shape": 7,
          "type": "STRING",
          "widget": {
            "name": "prompt_loop_6"
          },
          "link": 161
        },
        {
          "name": "prompt_loop_7",
          "shape": 7,
          "type": "STRING",
          "widget": {
            "name": "prompt_loop_7"
          },
          "link": 162
        },
        {
          "name": "prompt_loop_8",
          "shape": 7,
          "type": "STRING",
          "widget": {
            "name": "prompt_loop_8"
          },
          "link": 163
        },
        {
          "name": "prompt_loop_9",
          "shape": 7,
          "type": "STRING",
          "widget": {
            "name": "prompt_loop_9"
          },
          "link": 164
        },
        {
          "name": "prompt_loop_10",
          "shape": 7,
          "type": "STRING",
          "widget": {
            "name": "prompt_loop_10"
          },
          "link": 165
        }
      ],
      "outputs": [
        {
          "name": "full_video",
          "type": "IMAGE",
          "links": [
            166
          ]
        },
        {
          "name": "used_prompts",
          "type": "STRING",
          "links": null
        }
      ],
      "properties": {
        "cnr_id": "wan-video-extender",
        "ver": "4dd0e73684a3dc4fb9f9da3c672d2b394543b797",
        "Node name for S&R": "WanVideoExtenderNative"
      },
      "widgets_values": [
        " ",
        "low quality, blurry, glitch, distortion",
        4,
        1,
        "euler",
        "simple",
        8,
        81,
        16,
        0.5,
        1,
        45456456,
        "fixed",
        832,
        480,
        "",
        "None",
        "1.0",
        false,
        false,
        false,
        false,
        "None",
        1,
        false,
        false,
        false,
        true,
        "None",
        1,
        false,
        false,
        false,
        "",
        "None",
        1,
        false,
        false,
        "",
        "",
        "None",
        1,
        false,
        false,
        false,
        "1.0",
        "None",
        1,
        false,
        false,
        false,
        false,
        "None",
        1,
        false,
        false,
        false,
        false,
        "None",
        1,
        false,
        false,
        false,
        false,
        "None",
        1,
        false,
        false,
        false,
        "",
        "None",
        1,
        false,
        false,
        false
      ],
      "color": "#432",
      "bgcolor": "#653"
    },
    {
      "id": 99,
      "type": "ModelSamplingSD3",
      "pos": [
        3253.1229620990293,
        2563.2846345770618
      ],
      "size": [
        315,
        123.00000508626303
      ],
      "flags": {},
      "order": 36,
      "mode": 0,
      "inputs": [
        {
          "name": "model",
          "type": "MODEL",
          "link": 168
        }
      ],
      "outputs": [
        {
          "name": "MODEL",
          "type": "MODEL",
          "slot_index": 0,
          "links": [
            167
          ]
        }
      ],
      "properties": {
        "cnr_id": "comfy-core",
        "ver": "0.3.70",
        "Node name for S&R": "ModelSamplingSD3"
      },
      "widgets_values": [
        8
      ]
    },
    {
      "id": 97,
      "type": "PathchSageAttentionKJ",
      "pos": [
        3395.8062989382006,
        2403.9874404558595
      ],
      "size": [
        270,
        116.33333841959637
      ],
      "flags": {},
      "order": 37,
      "mode": 0,
      "inputs": [
        {
          "name": "model",
          "type": "MODEL",
          "link": 167
        }
      ],
      "outputs": [
        {
          "name": "MODEL",
          "type": "MODEL",
          "links": [
            142
          ]
        }
      ],
      "properties": {
        "cnr_id": "comfyui-kjnodes",
        "ver": "c661baadd9683c0033cd2a6ad90157c6d099a6c2",
        "Node name for S&R": "PathchSageAttentionKJ"
      },
      "widgets_values": [
        "auto",
        false
      ]
    }
  ],
  "links": [
    [
      132,
      72,
      0,
      64,
      0,
      "IMAGE"
    ],
    [
      133,
      73,
      0,
      65,
      0,
      "IMAGE"
    ],
    [
      134,
      93,
      0,
      66,
      0,
      "IMAGE"
    ],
    [
      135,
      74,
      0,
      67,
      0,
      "IMAGE"
    ],
    [
      136,
      77,
      0,
      68,
      0,
      "IMAGE"
    ],
    [
      137,
      78,
      0,
      69,
      0,
      "IMAGE"
    ],
    [
      138,
      76,
      0,
      70,
      0,
      "IMAGE"
    ],
    [
      139,
      75,
      0,
      71,
      0,
      "IMAGE"
    ],
    [
      140,
      81,
      0,
      90,
      0,
      "IMAGE"
    ],
    [
      141,
      92,
      0,
      91,
      0,
      "IMAGE"
    ],
    [
      142,
      97,
      0,
      95,
      0,
      "MODEL"
    ],
    [
      143,
      98,
      2,
      95,
      1,
      "VAE"
    ],
    [
      144,
      98,
      1,
      95,
      2,
      "CLIP"
    ],
    [
      145,
      94,
      0,
      95,
      4,
      "*"
    ],
    [
      146,
      64,
      0,
      95,
      7,
      "IMAGE"
    ],
    [
      148,
      66,
      0,
      95,
      11,
      "IMAGE"
    ],
    [
      150,
      71,
      0,
      95,
      15,
      "IMAGE"
    ],
    [
      151,
      70,
      0,
      95,
      17,
      "IMAGE"
    ],
    [
      152,
      68,
      0,
      95,
      19,
      "IMAGE"
    ],
    [
      153,
      69,
      0,
      95,
      21,
      "IMAGE"
    ],
    [
      154,
      90,
      0,
      95,
      23,
      "IMAGE"
    ],
    [
      155,
      91,
      0,
      95,
      25,
      "IMAGE"
    ],
    [
      156,
      83,
      0,
      95,
      27,
      "STRING"
    ],
    [
      157,
      84,
      0,
      95,
      28,
      "STRING"
    ],
    [
      158,
      85,
      0,
      95,
      29,
      "STRING"
    ],
    [
      159,
      86,
      0,
      95,
      30,
      "STRING"
    ],
    [
      160,
      87,
      0,
      95,
      31,
      "STRING"
    ],
    [
      161,
      88,
      0,
      95,
      32,
      "STRING"
    ],
    [
      162,
      89,
      0,
      95,
      33,
      "STRING"
    ],
    [
      163,
      79,
      0,
      95,
      34,
      "STRING"
    ],
    [
      164,
      80,
      0,
      95,
      35,
      "STRING"
    ],
    [
      165,
      82,
      0,
      95,
      36,
      "STRING"
    ],
    [
      166,
      95,
      0,
      96,
      0,
      "IMAGE"
    ],
    [
      167,
      99,
      0,
      97,
      0,
      "MODEL"
    ],
    [
      168,
      98,
      0,
      99,
      0,
      "MODEL"
    ],
    [
      170,
      65,
      0,
      95,
      9,
      "IMAGE"
    ],
    [
      171,
      67,
      0,
      95,
      13,
      "IMAGE"
    ]
  ],
  "groups": [],
  "config": {},
  "extra": {
    "ds": {
      "scale": 0.5445000000000009,
      "offset": [
        -907.5693247284797,
        -1928.8103967538784
      ]
    },
    "workflowRendererVersion": "LG",
    "frontendVersion": "1.34.2",
    "VHS_latentpreview": false,
    "VHS_latentpreviewrate": 0,
    "VHS_MetadataImage": true,
    "VHS_KeepIntermediate": true
  },
  "version": 0.4
}